non,Chad Mourgue,513
volutpat in,Brietta Putten,633
semper,Torrence Tosspell,232
ac,Selie Edinboro,394
lacinia nisi,Arabelle Milier,452
pretium quis,Thorndike Gulliver,647
quisque porta,Avery Weddell,440
in,Culley Aulds,874
pede justo,Judas Meatyard,741
quisque,Frederique Huston,686
metus sapien,Gustie Allman,848
morbi,Arlen Cleary,266
sit amet,Celestine Kidner,233
pellentesque ultrices,August Inmett,732
integer,Westbrooke Easseby,688
nulla nisl,Theda Windross,290
vestibulum,Maressa Salsbury,491
in,Chryste Goldthorpe,815
consequat,Spenser Gawkroge,561
massa quis,Gaspard Littefair,751
eleifend,Erda Brown,841
dolor,Rocky Dodworth,983
quisque porta,Ludovika Winny,164
commodo,Brewer Deetlof,129
turpis enim,Ewart Boutellier,660
viverra pede,Steffane Martinez,781
nec,Ennis Wickliffe,441
ultrices posuere,Ailis Brittan,266
enim blandit,Edythe Close,112
quam,Chrystel Bardey,129
placerat praesent,Hagen Merlin,191
platea,Delphinia Illyes,564
egestas metus,Claudia Greenig,104
ligula,Stephenie Staterfield,297
eros suspendisse,Jaymee Jolland,275
dis,Reggie Wick,611
lectus suspendisse,Joya Panswick,854
ut erat,Agosto Killford,416
at,Jordon Ferraraccio,105
at,Christie Bleakman,678
duis mattis,Glenine Coldridge,915
proin,Eugenie Aven,417
ac,Adena Layman,164
libero nam,Julio Pernell,294
libero,Maude Oguz,819
dolor sit,Deerdre Synder,857
praesent,Kelcie Kornousek,895
in,Daniele Hainning,696
scelerisque,Jordana Crawforth,745
amet consectetuer,Natalie Garn,383
justo pellentesque,Abram Durrad,236
sagittis nam,Teirtza Shovelbottom,448
ultrices,Armstrong Penley,240
tempus semper,Hilliard Bramer,185
sed lacus,Vincent Mowlam,118
sit amet,Grant Telega,649
arcu adipiscing,Carla Oakeshott,966
facilisi cras,Sumner Eberdt,659
eget,Manny Pickford,141
commodo vulputate,Laurens Girault,103
sollicitudin,Carmon McIlveen,586
pede posuere,Naomi Fearon,756
ullamcorper,Fielding MacSherry,156
at,Susanetta Boniface,761
vivamus metus,Fanni Postlewhite,734
molestie,Simonette McCallam,855
sed tincidunt,Joshua Halpeine,657
posuere nonummy,Alta Jeves,576
purus aliquet,Camella Westmacott,464
ac consequat,Elliot Champerlen,245
id,Pansy Quinnette,626
massa quis,Genni Blackman,569
donec pharetra,Ansell Try,429
vitae nisl,Jodi Peile,976
morbi,Donnajean Lake,108
donec semper,Mariam Proven,764
massa id,Jessy Gresswood,705
nulla facilisi,Jared Roake,829
morbi,Mar Crumbie,513
sem,Fabian Gourlay,876
in,Maitilde Beams,897
ridiculus,Richart Proud,176
proin,Brandise Hurne,175
fusce,Riobard Hocking,324
magnis dis,Adrienne Kondrat,960
nisi,Yuri Lepper,278
vestibulum,Rosette Rudgard,672
sagittis,Jacinda Conaghan,234
habitasse platea,Bronnie McGonigle,360
sed vel,Rowan Purcell,259
nullam molestie,Deina Elsdon,850
nulla,Florina Coorington,244
etiam,Leigh Sponton,591
rhoncus,Carmelina Abrams,113
rhoncus aliquet,Maddy Songist,130
nec sem,Sandro Llewellyn,700
lectus in,Cordell Rains,427
condimentum,Mellisent Longley,204
adipiscing,Cecilia Drexel,206
praesent,Abbi Oldcroft,963
ipsum,Lucho Manger,604
nisi,Stavro Cardenas,996
diam,Thorvald Barrabeale,470
ligula,Thorsten Andrag,640
in lectus,Blanch Vann,510
viverra pede,Gelya Feldhammer,343
amet,Bibby O'Sirin,651
ut,Moses Huburn,973
vitae,Shawna Casellas,553
maecenas leo,Regan Streat,478
nulla,Karl Warrilow,585
ridiculus,Ragnar Creeboe,195
scelerisque quam,Oralle Vanes,986
turpis,Gregg Zylbermann,216
vivamus,Marsha Watt,958
nisl nunc,Pieter Squibbs,148
montes nascetur,Sanders De Malchar,766
vestibulum,Brandon Kelston,703
augue,Ferdinanda Kingsnod,924
dui,Deane McCurtain,282
libero,Ransom Mark,915
malesuada in,Cello Vaen,916
lacinia erat,Dora Stent,286
tellus in,Dael Mumbeson,594
lobortis,Marne Orris,400
potenti nullam,Brittaney Bourget,919
eget,Zachary Lower,538
a,Solomon Dyment,252
non,Torey Arbuckle,586
rhoncus,Moritz Kruschov,987
donec,Leeland Tureville,748
ut nulla,Alfreda Greenstreet,409
rhoncus aliquam,Wood Bysouth,596
consequat,Harper Jurgen,379
cum,Jillene Norgan,343
elementum,Norbert Oxteby,206
natoque penatibus,Donella Sultana,484
duis bibendum,Aidan Perrygo,873
consectetuer adipiscing,Hatty Itzkovitch,346
eu tincidunt,Vito Macartney,850
massa,Nollie Farryan,480
convallis tortor,Aindrea Richin,605
pede morbi,Ellyn Daber,819
mus vivamus,Inglis Paniman,561
felis,Myrtle Cuseck,971
nisl,Kalinda Gillooly,217
quis augue,Jsandye Stollenwerck,560
dolor,Massimiliano Piers,932
in magna,Kareem Furneaux,410
consequat in,Ike Schoenrock,101
faucibus,Willy Petty,770
posuere cubilia,Michele Naulls,438
dui,Nye Dimont,671
et ultrices,Clea Dunmore,219
vel,Cristin Jay,109
diam cras,Aloysius Raper,692
ac,Binny Dolley,107
lobortis sapien,Nathanil Bedenham,507
sagittis nam,Barney Goulborn,787
sed augue,Ursulina Carleton,143
lobortis ligula,Amalle Bosman,283
nulla quisque,Whitney Krout,731
id,Huntley Pafford,803
lacinia,Jodi Sample,728
posuere cubilia,Aubrey Hatton,836
mi in,Eran O'Skehan,299
quis lectus,Stephani Kibbel,245
amet,Arda Batter,420
maecenas tincidunt,Parsifal Kinglesyd,904
libero nam,Curr Buckel,492
eu,Alfreda Klimus,221
aliquam,Mata Sharpless,448
convallis eget,Viviana Barta,538
hac habitasse,Tate Riquet,953
pede posuere,Sibilla Woodhouse,930
elementum,Dorie Horning,266
aliquam,Roberto Boocock,108
vivamus,Marrissa Truter,975
mi integer,Si Haimes,555
molestie sed,Truda Heyns,521
venenatis lacinia,Thomasa Nunan,821
ut nulla,Roland Markie,995
metus,Hogan Limming,511
duis,Ardyce Giffon,985
pede,Red Jurgenson,695
nunc,Maggie Bownes,994
erat,Seana Barraclough,719
sit amet,Bruis D'Orsay,783
nulla nisl,Tove Wallas,925
fermentum,Elbert Schreurs,899
elit,Kev Collison,111
pede malesuada,Cristiano Dobrowlski,524
suspendisse,Edi Stearndale,290
vestibulum rutrum,Inessa Sutehall,569
ultrices,Byrom Sego,872
neque sapien,Jacquelynn Etches,316
venenatis,Gallard Hassen,704
nibh,Karmen Ubsdale,144
sem,Paco Izaks,511
ut suscipit,Kimble Odo,923
cubilia,Cherice Evershed,554
eu mi,Tracy Strowlger,497
rhoncus,Pearce Garken,730
ac,Biddie Minot,808
fusce congue,Garvy Bollard,745
eget,Korella Segrott,958
ante,Calvin Clemetts,229
purus,Marissa Yanshinov,581
nisi vulputate,Jaquelyn Sinderson,547
praesent id,Nealon Gorsse,349
tincidunt eu,Patsy Sambells,812
volutpat dui,Tabatha Probat,509
sit amet,Hi McMeyler,313
eget rutrum,Klara Hookes,674
sit amet,Alix Pitone,787
aliquam non,Laney Southeran,110
et,Arlan Morville,867
erat tortor,Schuyler Navan,590
orci nullam,Jenifer Menere,945
ut odio,Karlee Geydon,404
ut,Haze Clutterbuck,970
interdum,Hermione Eisikovitsh,925
mi pede,Hugh Wadworth,785
id,Glenine Crayton,161
tortor sollicitudin,Catriona Bhar,372
venenatis turpis,Kain de Bullion,920
erat,Daisey Gee,127
diam,Roxi Hoogendorp,655
nec condimentum,Elnar Ruse,659
odio,Haskel Slay,537
sit amet,Trumaine Macari,101
neque aenean,Esdras Gingles,859
amet,Mendie Eland,288
posuere felis,Tonia Halls,404
ante ipsum,Jamey Miebes,421
justo maecenas,Annie Roskrug,851
morbi,Ursala Pacitti,472
odio,Roman Lindenblatt,523
ante,Inglis Hampton,823
at nunc,Meris McCafferky,182
et,Beulah Eilles,732
ante,Even Jakubovicz,779
nam,Cordey Mariet,526
mauris,Linc Hedylstone,100
nam,Katlin Ubsdell,260
viverra dapibus,Francois Lightbown,432
tincidunt nulla,Eden Testo,890
morbi vestibulum,Worthington Djekic,923
nullam orci,Nady Saltrese,644
quisque,Aeriel McGray,828
ligula,Maxwell Cathesyed,698
phasellus sit,Tadd Burnip,842
justo sit,Enoch Meckiff,268
at,Dulce Vasiljevic,516
mattis pulvinar,Thain Larking,933
vel augue,Bogart Okenfold,477
erat eros,Theresina Mochar,574
donec posuere,Deb Klawi,187
vitae,Justinian Sancroft,195
augue vel,Alissa Peregrine,141
eu,Ruby Aldie,125
lectus pellentesque,Salomi Lie,378
duis,Dillon Chatres,210
venenatis lacinia,Rosemary Lynds,372
ullamcorper augue,Kalila Kynvin,770
justo pellentesque,Humfrey Brezlaw,556
porttitor id,Penelopa Guppey,851
diam in,Barrett Scoles,541
ligula pellentesque,Charyl Gracey,721
mauris vulputate,Felipe Offer,931
sed vestibulum,Starla Upchurch,472
aliquam erat,Hamid Danaher,213
eleifend,Nikaniki Gittens,247
nulla,Jorgan Nabarro,143
ac tellus,Maddy Bartalot,233
nulla facilisi,Rabbi Riglar,700
aliquam,Betsey Vequaud,398
semper sapien,Stephanie Speir,706
adipiscing elit,Valentijn Ince,402
at ipsum,Henka Whiteley,979
sem fusce,Hartwell Kittle,639
turpis nec,Edouard Blachford,280
tortor risus,Ailis Moulder,237
a,Ianthe Renzini,831
hac,Teri Horburgh,182
aliquam,Jolyn Segrave,545
cras,Cally Shury,653
in sagittis,Addison Derrington,605
sapien iaculis,Farrand Plet,316
sem,Roxie Hotton,601
nam tristique,Ibrahim Ugoletti,313
euismod,Jard Bernaldo,417
curabitur,Renard Enterlein,251
nulla mollis,Giorgi Laterza,275
eget elit,Basile Winning,508
in,Tyler Tefft,244
donec quis,Zaria Miebes,194
sapien,Laetitia McTavish,663
donec,Hillery Feathers,168
quis odio,Skylar Ibbison,734
felis donec,Ally Novak,524
nunc,Fanya Shewsmith,679
integer tincidunt,Beryle Arnaldi,129
eget nunc,Langsdon Barford,611
aliquam,Wesley Reyna,629
nascetur ridiculus,Anna-diana Janjic,734
sit amet,Kit Markwick,183
erat,Carlota Louder,620
mauris,Gracie Stebbin,144
lacus,Wolf Hatrick,861
in,Nolan Evensden,871
penatibus et,Manuel Gammett,870
cum,Adore Andreia,710
donec posuere,Dun Hyndson,990
tempus,Oliy Rizzello,187
dapibus,Delia Badgers,969
convallis morbi,Jeremias Williamson,253
varius,Jobye Olanda,630
blandit,Alvin Aicheson,319
at,Claiborne Bevan,474
morbi,Drona Macauley,543
vestibulum ac,Kellia Stainton - Skinn,436
ac,Marcus Leggitt,504
sit,Gaynor Hardy-Piggin,650
sollicitudin,Sandra Kennsley,218
cras,Preston Heminsley,523
eros,Lancelot Garron,292
quis,Reinwald Bartomeu,773
elit proin,Gay Squeers,415
quisque ut,Eddy Elstone,746
leo,Lorettalorna Batchelar,467
nulla,Abbe Whitecross,703
turpis,Aloysia Bridges,839
nulla dapibus,Justine Wagstaff,415
consectetuer eget,Carley Goodhay,447
quam,Crawford Kondratenko,751
id,Hadlee Corfield,113
eu,Marnia Melby,989
libero convallis,Cindee Cuer,781
augue,Editha McCreath,623
amet turpis,Josee Spafford,159
vehicula,Sherwin Kiera,687
lacinia,Templeton Duinbleton,461
mi in,Eliot Dautry,288
condimentum curabitur,Alverta Zum Felde,397
ac lobortis,Marysa Gerhartz,182
justo,Waylin Grinter,154
ut mauris,Colby Kolin,719
tincidunt,Cinda Guitton,794
etiam pretium,Bathsheba Jenking,220
dapibus,Cullen MacGilmartin,148
congue,Benyamin Ouldred,151
in felis,Mercy MacNeish,220
pede ullamcorper,Malachi Bernhart,449
felis,Harriet Getsham,548
nullam varius,Shirl Amy,263
aliquam,Madlin Satchell,653
ut erat,Niel Dallmann,943
elit ac,Kial Braiden,181
ut volutpat,Adolph Brook,134
vivamus metus,Corrine Blackwood,951
vestibulum quam,Gardiner Renol,662
morbi,Mitzi Krikorian,318
vestibulum,Correna Benedite,439
nulla,Peder Gherardini,350
ut odio,Beverie Janjic,720
aliquam lacus,Aida Smedmore,381
posuere,Mona Skilbeck,348
id,Grannie Lapides,601
nonummy,Filberto Spinetti,423
aliquam,Georgetta Cowey,274
pede,Gaven Jillis,625
justo lacinia,Morty Leftly,198
pellentesque,Elana Swindle,496
id,Niccolo Canellas,788
habitasse,Hansiain Rivel,382
sapien,Russell Chalcroft,691
blandit ultrices,Beverlie Bolter,309
sed interdum,Belita Wrassell,264
massa volutpat,Payton McMains,317
consequat dui,Miller Drummond,657
rhoncus sed,Asia Syme,629
ac,Wesley Castelli,165
ipsum primis,Adolpho Bourhill,711
orci pede,Isa Ling,183
convallis nunc,Paton Manifould,542
non mauris,Lesya Vassano,536
velit donec,Madlin Jedrysik,722
sed,Weider Slemming,945
porttitor,Mellicent Kelmere,460
mi,Daron Gasticke,387
tristique in,Ermina Ziemecki,122
cursus urna,Derril Langrick,610
pede,Maxim Govan,845
elit sodales,Erin Margrett,440
amet sem,Wandie Wallicker,316
vitae,Tiphanie Grigoletti,270
convallis,Graehme Simmens,752
proin leo,Seana Emmison,525
commodo,Elspeth Bussell,908
pellentesque quisque,Kandy Pridham,299
odio curabitur,Siward Gogan,189
placerat,Sonnie Hartle,747
sem duis,Dwight Chaplyn,284
faucibus,Dunc McGenn,812
tincidunt eget,Fremont Toke,507
maecenas leo,Palm Anfusso,991
elit,Korrie Tothe,501
at nulla,Gerick Hackforth,983
proin eu,Nydia Dikes,825
faucibus,Tracie Hutchison,890
nisl,Linet Wyndham,305
potenti cras,Sylvan Traill,788
orci,Blondie Pettifer,844
nunc rhoncus,Marena Aldous,477
adipiscing,Ciel Agdahl,284
fermentum donec,Nalani Van Halen,469
hac habitasse,Alfie Peyntue,212
nec,Jemima McHenry,174
tortor risus,Ric Standall,803
sit,Calhoun Doddrell,633
dis parturient,Trixi Pinfold,476
sollicitudin ut,Ceciley Volkers,623
aliquam augue,Tammi Drydale,288
est,Jewelle Cristofanini,998
ipsum primis,Lacee Playford,236
maecenas,Saxon Alldread,534
dictumst maecenas,Gladys Hailey,320
morbi quis,Jens Gentzsch,525
ipsum,Selle Beeck,406
donec quis,Waly Insko,689
dis parturient,Valerie Ellum,697
duis,Agosto Van Halen,220
viverra,Bord Coulthard,864
volutpat,Ogdan Moreno,954
et eros,Thornton Pennington,133
dui,Gwenore Hansard,505
mus etiam,Holden Steptow,588
ultrices,Milty Bucklee,554
nulla nunc,Keri Emeney,414
id,Davidson Gladbach,361
orci eget,Hollyanne Fruen,574
nullam orci,Winnifred Johanssen,805
diam,Ernestus McClaughlin,615
dictumst etiam,Olympia Burchett,458
varius ut,Paolina Puxley,518
orci luctus,Martita Gilhooley,229
proin,Lilias Rattery,799
quis,Stafani Lampel,704
lectus in,Dun Urridge,839
cum,Arney Manssuer,596
non,Alvan Sitwell,150
donec,Ginnie Halstead,702
aliquet ultrices,Bettina Giovanitti,786
curabitur convallis,Vite Depke,842
vestibulum,Rachele Feldfisher,621
commodo,Randal MacGebenay,623
risus dapibus,Edy Holbury,369
sit,Raymond Loosemore,185
consectetuer adipiscing,Ciro Faithfull,474
vel,Georgie Dissman,593
aliquet pulvinar,Sheelagh Danilovic,621
orci luctus,Porter Tift,123
nunc nisl,Sileas MacAlaster,704
maecenas,Jourdain Salla,398
tortor,Jeffy Cramphorn,928
in porttitor,Dorise Bruyet,260
sed lacus,Tiphani Warham,742
orci luctus,Maressa Meco,254
eget nunc,Alfonso Gebhard,182
maecenas leo,Nathan Nowakowska,266
mi,Barr Spilstead,428
sapien dignissim,Abbe De Lorenzo,985
sapien,Armin Mewis,922
dapibus nulla,Gregorio Giral,610
accumsan,Nappie Pennaman,954
odio in,Raven McDunlevy,808
mattis,Bancroft Fearby,353
ullamcorper purus,Alena di Rocca,656
ut,Liane Anscott,760
vulputate,Jackie Inchbald,685
sit amet,Gwenny Cumine,632
viverra diam,Sharline Filippone,393
nisi nam,Enos Baldacchi,426
imperdiet,Camellia Bartel,277
et ultrices,Mark Garrique,448
leo,Cris Gander,636
magnis dis,Preston Gwatkins,685
aliquam non,Elisha Sweeting,852
sociis,Garvin Shoosmith,123
risus semper,Marsh Cranson,722
sit,Casandra Armstrong,901
primis,Gleda Harradine,877
pede,Goldia Dowse,626
mauris,Brewer Trenfield,771
condimentum id,Ardis Mew,786
sapien,Horacio Simper,376
quam pede,Edith Ashplant,624
cras mi,Christalle Bruneton,637
dui,Rutter Wyse,786
id,Rorke Dalgetty,487
molestie lorem,Madelene Hoston,752
dictumst etiam,Freddi M'Quharg,214
eu,Kari Clair,688
in,Jere Shirland,507
ultrices posuere,Dorine de Chastelain,448
nisl,Orsola Taggett,723
eget eleifend,Christen Feria,636
lorem,Anneliese Lindblad,371
in sapien,Oliver Scoines,793
eleifend,Emilie Colbourn,559
platea dictumst,Penrod Grimwood,287
fermentum donec,Garner Geffe,805
ultrices mattis,Worthy Millis,793
ipsum primis,Worden Brummell,123
sapien,Robin Draijer,153
leo,Indira Hillborne,909
vestibulum aliquet,Chicky Crennan,733
nibh,Alley Fladgate,988
at,Rob Lyman,995
eget,Breanne Trees,372
eu magna,Nathalie Sallarie,547
ligula nec,Riki Scorton,298
phasellus id,Vivia McBeth,238
massa,Blane Chiechio,667
dui,Alric Lecointe,703
luctus nec,Gwen Craig,299
congue vivamus,Benni Ruggiero,861
maecenas tincidunt,Samuel Spaunton,611
orci,Patrice Pidon,242
sapien,Brandea Tuxwell,425
donec quis,Kat Davidofski,799
ut,Kiele Reiling,863
dui,Belle Dreakin,533
pede ac,Geralda Bollin,469
nisl venenatis,Nissie Mattek,637
id pretium,Rriocard Fedoronko,711
erat,Monti German,838
pulvinar,Gawen M'Chirrie,330
velit,Tandy Pulman,930
parturient,Sven Rodders,253
ac,Jervis Giacomozzo,407
porttitor lorem,Weylin Rudolph,766
massa donec,Lidia Speddin,873
eu,Millisent Canete,581
ac tellus,Kliment Simson,373
posuere,Melosa Mancell,778
maecenas,Ilse Testo,888
in faucibus,Matias Murfill,201
ullamcorper purus,Shandy Halewood,900
faucibus,Prince Maiklem,670
volutpat,Jesselyn Broz,335
sed,Georges Duetschens,846
nulla,Teddie Dorre,654
sed,Kimmie Peirazzi,813
vel,Leon Hubball,540
aenean lectus,Lissie Baldry,176
viverra,Thayne Jeays,758
odio porttitor,Phedra Dewicke,539
pede,Rae Shuttleworth,805
amet,Onida Easter,198
amet,Zebadiah Caltera,133
donec,Gustave Moss,848
aliquet ultrices,Vanny Johnston,810
erat nulla,Milo Micheu,727
parturient,Stella Sivyour,212
aliquam,Mahalia Grinsted,814
justo,Hermine Lake,620
orci luctus,Glad Bussey,504
erat volutpat,Enid Blew,396
scelerisque,Kelley Glander,262
velit,Georgia Alyoshin,736
congue,Ricardo Hoston,697
quis,Franni Damp,844
dapibus,Gardener Libbie,194
felis,Benjamin Leven,597
rutrum,Elena Melwall,562
est,Rodolphe Kaaskooper,969
lobortis,Zollie McColley,478
molestie nibh,Britteny Prior,391
non,Akim Skones,474
blandit,Staci Asken,153
ac,Garik Richardeau,568
vitae,Gusta Fattore,723
luctus tincidunt,Jamaal Matthieson,485
potenti,Kin Pedycan,805
vestibulum sit,Ferdinanda Parry,950
vestibulum,Oona Aizikovitz,488
orci eget,Veronike Grutchfield,190
nascetur,Zaria Cutmore,980
quis,Denys Hattam,614
curabitur gravida,Hatty Antognozzii,690
nisi volutpat,Lorenzo Pantry,702
nullam,Cherin Nisbith,961
justo,Sanderson Wetherburn,803
tortor risus,Steffen Shillan,724
curabitur,Caresa Loddon,754
vitae,Daryle Ert,415
neque duis,Robbie Le Marquis,331
non velit,Tim Carless,858
a pede,Amelina Hesse,241
sit amet,Alexio Gatling,747
pharetra,Any Stranieri,617
molestie sed,Kerrie Sharram,779
molestie,Marla Dunstone,456
tellus nulla,Heindrick Buck,850
orci luctus,Phyllys Kime,442
justo,Averyl Litster,746
venenatis tristique,Codie Brislan,920
convallis duis,Ezri Jacob,128
nibh in,Alis Tarpey,308
pede,Nancee Banbridge,204
velit eu,Verene Autie,253
vestibulum,Jacqueline Petteford,141
blandit,Calli Charpin,269
ipsum integer,Sharyl Toping,114
erat vestibulum,Cicily Peirone,231
posuere nonummy,Candida Searston,575
elit ac,Cass Kingsly,594
ante nulla,Grange Reyes,693
eget tempus,Raven Islep,703
pellentesque,Millisent Saladino,868
placerat,Ailee Agostini,404
felis sed,Jenica Pentlow,767
ipsum aliquam,Sig Heintzsch,811
nec,Webster Munt,507
augue vestibulum,Fremont Pafford,859
posuere,Alina Liddiard,881
diam,Leontyne Culver,452
libero,Olympie Simnell,701
faucibus orci,Cosmo Lanchberry,607
justo,Ricard Biaggi,178
dapibus duis,Sheppard Jellicorse,776
proin interdum,Riannon Toffolini,966
porttitor,Jeddy Yeates,667
pellentesque ultrices,Allen Sargint,160
libero ut,Shalom Risbie,455
rutrum neque,Julianna Perillio,671
velit,Candra Gammon,464
mauris sit,Leicester De Pietri,929
id,Elyse Clandillon,442
vivamus,Eleonora Matfin,268
sit amet,Hildy McAlindon,450
pede malesuada,Rosemonde Carhart,592
id lobortis,Sidoney Boyat,689
in,Joachim Sprigings,543
nulla,Davine Fitchew,654
morbi sem,Cass Seear,215
posuere,Holly-anne Dodge,627
vitae mattis,Millard Von Welden,608
nullam porttitor,Jase Billborough,652
elit proin,Jorrie Hillyatt,598
maecenas leo,Berkeley Justis,472
vel,Orton Maling,647
mi in,Gawain Muckleston,516
consequat morbi,Winnie Grenville,874
accumsan,Susan Lindsey,627
odio,Orion Fain,764
pede malesuada,Iolande Coenraets,357
id,Kari Robbs,827
ultrices posuere,Brittney Lamey,746
vivamus metus,Isidor Jaquest,690
euismod scelerisque,Francene Kirman,170
vestibulum proin,Guilbert Ginie,594
consequat,Lowell Writer,329
ante ipsum,Sella Luetkemeyer,785
nullam,Julian Tate,265
etiam,Dorri Belcham,419
cursus,Rani MacMenamy,183
nisi,Agatha Churn,423
ut,Willdon McDill,317
posuere,Beverly Foxhall,729
in faucibus,Demeter Pattullo,212
quis turpis,Kelci Vala,621
non lectus,Zechariah Joseland,252
nisl,Zondra Fishburn,737
nunc purus,Frederica Krysiak,746
sed,Percival Gerrard,654
tempus vel,Lexine Sackur,784
ornare consequat,Jayson Counter,363
in hac,Hadrian Synnott,106
amet sapien,Leeland Starling,999
vulputate vitae,Darrel Singleton,148
mauris laoreet,Hadley Jaumet,671
suspendisse accumsan,Olin Watchorn,157
suscipit ligula,Gerrie McEntee,480
sed,Eachelle Smout,1000
nam nulla,Willetta Uphill,813
donec,Celestyna MacEnelly,415
donec,Magdalene Crown,214
in quis,Rockwell Woofendell,632
nunc,Lorry Cresar,389
phasellus,Tessa Beevis,268
orci,Pembroke Szach,903
leo odio,Valerie Capinetti,279
non,Marlyn Mayze,516
consequat dui,Salomi Erwin,598
magna,Gail Rehor,190
nam,Angelica Morshead,348
adipiscing,Jilly Reddings,253
varius nulla,Donaugh Gilling,942
dui,Lind Sooper,440
tellus in,Caz Hearne,976
mauris,Fionnula Vuittet,925
primis in,Farrell Camillo,160
felis,Pierre Reeder,698
maecenas,Riki Saffrin,667
ut nunc,Britney Gavrielli,708
vel,Allene Lescop,759
nunc,Clerkclaude Gleasane,136
mauris non,Grete Fawloe,314
in blandit,Randolf McKea,527
id,Yorke Perkins,884
aenean,Marya Graham,521
sociis,Zacharie Halkyard,172
nec,Harley Couttes,441
natoque penatibus,Haydon Breedy,651
aenean,Chadd Kernock,549
sed,Bertha Colebeck,917
massa id,Nina Stanesby,972
vel,Drake Cullnean,712
etiam,Sileas Drayton,985
blandit,Felisha Clayborn,342
massa,Rafael Bettleson,681
in lectus,Inness Simonato,215
etiam,Shay Mixer,926
maecenas,Bebe Moralee,183
ac enim,Kattie Feild,574
semper,Jolynn Sailor,494
luctus nec,Harmonia Wimpenny,170
montes,Judye Sketch,668
metus,Milka D'Elia,644
tristique,Bili Defau,743
nisi,Lesli Wytchard,495
aliquet,Cybill Coggill,114
rhoncus dui,Noby Dykas,577
quis,Kessiah Dinsell,349
a,Fannie Crotty,749
sed accumsan,Cicely Botler,283
scelerisque mauris,Marion Swate,451
tortor,Vivyanne Costelloe,137
ipsum integer,Doralynne Clymer,420
rhoncus mauris,Waylan Matteris,117
in,Romola Ketteman,256
convallis nulla,Petronille Maven,478
arcu adipiscing,Brodie Millions,990
massa tempor,Berthe Sturm,238
diam,Shermie Gregersen,798
lacinia,Padriac Gaynes,979
ut,Cary Kiffe,846
in ante,Elsy Coltart,706
nam congue,Sela Kitney,711
nec,Hunter Spreull,981
turpis,Barbaraanne Giovanizio,225
feugiat,Ryun Crickmer,460
posuere,Seumas De Blasio,516
vestibulum sed,Patricia Krikorian,572
nascetur ridiculus,Nora Paddington,452
praesent lectus,Krissie Thunnerclef,116
id,Zondra Yansons,759
semper,Dix Breming,615
luctus,Abe Yakebowitch,792
tempus vivamus,Patrick Reeson,667
auctor,Adelbert Ingyon,856
sapien quis,Fanny Stoffel,316
magna,Felicia Spurling,665
justo,Felicle Clissold,205
volutpat,Elladine Dulwich,755
ultrices,Charis Christie,737
morbi a,Kelcey Keming,473
massa,Hugibert Vyvyan,829
morbi,Judah Aizikovitch,599
sapien,Karylin Scaice,121
convallis,Jill De Fries,668
tincidunt ante,Juan Sime,773
mauris,Mair Sheach,713
dui nec,Ebenezer Yakolev,768
est risus,Isaiah Smithen,765
a pede,Jerri Chittem,602
luctus,Tanitansy Fackney,655
nulla suspendisse,Ellery Physic,899
libero,Nev Brient,718
hac habitasse,Byram Oakey,702
phasellus in,Inesita Pember,409
elementum,Karlan Cutler,117
in,Katerine Tristram,302
viverra pede,Richmound Daspar,885
volutpat in,Zandra Sealeaf,141
mi integer,Sherm Cutress,958
sit,Kristin Cherry,170
nisl,Edna Badini,880
vestibulum ante,Kelwin Blues,966
ultrices,Ryan Kingett,637
tincidunt,Rubetta Jirak,933
cum sociis,Parrnell Spurden,674
augue a,Blinnie Carneck,849
nullam,Serge Stellino,409
id nisl,Jeffry Nutbeem,549
maecenas,Allissa Dolan,634
quam turpis,Leontine Holtaway,544
turpis,Alexina Rojas,528
quisque,Alfonse Barock,628
blandit,Anson Sconce,156
amet eleifend,Gillian Clixby,609
adipiscing,Wilfred Jaggi,598
in faucibus,Cordelie Cherrington,400
posuere metus,Gran Becken,469
pede justo,Felizio Abadam,285
volutpat in,Carson Corriea,448
aliquet,Selby Dinnis,269
quis,Arch Coulman,651
lorem ipsum,Lonee McAulay,460
ipsum primis,Jemima Noel,307
vivamus,Percy Grollmann,884
erat,Cassy Lalonde,341
felis,Merwin Hatwells,866
felis,Lucky Ready,245
sapien,Torry Lammerding,849
imperdiet,Dene Overel,913
id massa,Josy Betjes,613
sagittis nam,Carling Lidierth,233
est,Cobby Skelding,777
orci luctus,Norry Aubert,989
proin at,Woodrow Comusso,691
in felis,Darleen Lulham,936
posuere,Nevile Allam,921
luctus,Lurleen McClary,276
donec,Wyn Walas,596
posuere cubilia,Rochell Sexti,975
nisl duis,Cate Raccio,457
leo,Carine Block,555
hac habitasse,Danila Bontoft,459
turpis elementum,James Yeandel,900
erat volutpat,Goldina Lippingwell,468
ut,Rustin Klimes,386
amet lobortis,Matias Tye,913
massa,Deeanne Sigmund,900
et eros,Susann Freshwater,206
aliquam,Deedee Reany,287
vulputate,Elisha Kardos-Stowe,612
donec,Everett Corness,655
pretium,Charlot Sharram,900
cubilia,Aviva D'Agostini,252
nec nisi,Judah Lockhead,100
dis,Letty Clemson,113
amet,Lena Nielson,454
turpis,Alexander Swafford,650
pulvinar lobortis,Doti Willoughey,292
ante,Pavla Agneau,902
mi nulla,Angelle Trumper,643
ultricies,Kalindi Olivello,912
blandit,Penny Woodstock,918
volutpat dui,Lucine Giffard,471
integer,Glory Penhaligon,291
elit sodales,Bonny Kief,698
praesent,Rick Beaty,994
ipsum,Elliott Undrell,927
tempor turpis,Ulberto Izkovitch,669
quisque,Delmar Silcocks,475
magna,Beverie Bewlay,535
duis,Moss Wellstood,741
montes,Justin Chander,388
justo,Batholomew Baldocci,939
ipsum ac,Alica Braundt,820
ac nulla,Filip Cockton,481
ornare,Jeanne Wagerfield,360
sit,Lucinda Butchart,416
diam nam,Hashim Meachem,926
praesent,Sherman Colomb,573
nulla,Hertha Bavridge,521
parturient,Durant Caret,730
nulla,Ashla Billingsley,437
in,Sigrid Gibke,116
eleifend,Henriette Gouinlock,374
non mi,Elianora Himpson,648
ligula suspendisse,Timofei Edington,856
proin,Matthaeus Tipler,799
sollicitudin,Imojean Kaasman,500
venenatis turpis,Kristina Danher,646
leo maecenas,Codie Padrick,473
odio,Danya Halt,596
facilisi cras,Benedikt Rigate,228
aliquam sit,Duncan Blackeby,484
arcu,Thorvald Crichmere,153
sodales scelerisque,Perry Overall,830
suspendisse potenti,Deni Oertzen,281
pellentesque,Haroun Toffolo,754
at,Nanci Jerrom,467
quam nec,Shaun Bowgen,138
dolor morbi,Rodrique Francillo,585
ultrices erat,Marji Gerhardt,819
cras,Lissi OIlier,538
lorem,Aubry Gebbie,726
enim sit,Joycelin Mallinson,946
erat,Aggy Stokey,237
justo,Alphonso Walcar,232
eget massa,Wake Nannoni,474
nec condimentum,Aloin Issitt,461
ante nulla,Fredia McGarrell,796
diam,Allister Swatten,234
dapibus,Danika Karlsson,900
cras pellentesque,Karlan Ogan,181
massa,Randee Gasnoll,428
maecenas leo,Joelynn Bendson,160
quis turpis,Bethena Dumbleton,809
nulla facilisi,Richie Panketh,571
id lobortis,Carolina Greenslade,684
nec,Nomi Leijs,616
turpis nec,Mavra Engledow,270
vivamus,Adam Duddy,616
sit amet,Belle Toomey,941
faucibus,Elli Lawerence,684
at,Mart Fallis,398
sem praesent,Byrle Millis,918
lacinia,Dan Hollington,914
in,Allan Prestwich,466
vivamus vel,Ingmar Bake,230
auctor sed,Adaline Allbrook,776
libero,Arty Selwin,456
in faucibus,Arlene Letson,746
at,Caryn Lownie,609
tellus,Mimi Bolton,531
sapien a,Theressa Yeulet,505
cubilia,Alasdair Sainsberry,145
sit amet,Zsazsa Kimble,723
phasellus id,Ruthie Skeech,226
erat,Abbi Del Monte,409
nec condimentum,Larisa Sedgmond,949
vestibulum,Angelique Floch,780
lorem ipsum,Whitby Levitt,439
ridiculus,Marika Giocannoni,933
vulputate,Inesita Onn,846
primis,Alisha Grinyov,700
id,Shalna Laetham,242
phasellus id,Myrwyn Sidebottom,259
curae,Ofelia Pendrill,342
eget,Sheridan Hradsky,951
nascetur ridiculus,Nero Rapelli,572
ullamcorper purus,Rheta Daniele,742
dapibus,Teodoro Gosdin,347
turpis,Graham Huie,734
iaculis,Denyse Cunniff,755
vel augue,Rachael McCann,776
potenti,Rosemarie Muncer,200
dignissim,Kelila Tiffany,793
ut tellus,Heather Chessman,336
ultrices mattis,Cinderella Baldock,333
sapien,Drake Fulloway,928
in hac,Sheelah Gerring,978
phasellus,Saxe Onions,478
est et,Philipa D'Arrigo,706
nulla mollis,Joline Smullin,665
id,Wat Skerme,401
eget,Ewell Dovey,135
iaculis congue,Erhart Rallin,374
neque,Tabb Thraves,911
id,Doyle Weald,771
nec euismod,Alden Trimble,206
aliquet massa,Dionne McMurty,936
montes nascetur,Fernande Jaquet,528
imperdiet nullam,Jaquenette Tidcomb,872
nulla tempus,Neille Caras,107
eros,Lena Nurny,599
in felis,Roxanna Luke,753
sit amet,Jenine Stobbie,655
ligula vehicula,Mirella Boulding,963
nibh quisque,Merrick Lambal,104
leo,Lynna Hawkeswood,770
urna,Antonio Yarnton,737
id turpis,Bess Stainburn,801
sollicitudin,Clarey Trevaskis,100
nibh in,Bryan Matfield,723
non,Malina Parris,955
varius,Somerset Dilke,411
pellentesque ultrices,Jocelin Uc,505
libero nam,Kendell Antoszczyk,376
justo sollicitudin,Gretchen Moule,354
in,Sigismond Shayes,847
volutpat,Ivette Johns,557
hac habitasse,Adrea Sircomb,934
rhoncus,Cort Reichhardt,965
sed tristique,Brooks Kmiec,682
id,Boote Bertenshaw,495
elementum,Alexandrina Franks,354
rutrum,Cece Papierz,355
ac,Corabel Rive,646
ac,Emmi Ipgrave,527
sit amet,Cammy Ballston,168
id,Alika Caulfield,415
dis,Stafford Dearan,780
interdum venenatis,Ashlen Tree,184
eu magna,Brenda Pinnell,250
felis,Brannon Eisig,774
sapien,Broderick Piper,130
augue luctus,Freddy Wahlberg,942
nam,Felike Barkess,827
dictumst aliquam,Conny Crutchley,585
vel,Carolee Wedgbrow,935
blandit ultrices,Charles Stollard,509
tortor sollicitudin,Scotti Rockingham,785
